Nombre;Apellido;email;Genero;Altura;Peso;Edad
Steffen;Brisco;sbrisco0@mlb.com;Female;1.74;99;29
Lea;Saye;lsaye1@reference.com;Male;1.97;110;16
Ondrea;Walkington;owalkington2@businesswire.com;Male;1.89;71;22
Tito;McEntagart;tmcentagart3@lycos.com;Male;2.03;96;18
Clerkclaude;Stennard;cstennard4@blogtalkradio.com;Female;1.82;90;25
Ardis;Thatcher;athatcher5@yelp.com;Male;1.61;73;15
Lotty;Haddacks;lhaddacks6@oaic.gov.au;Female;1.78;86;15
Alva;Deddum;adeddum7@howstuffworks.com;Male;1.99;113;26
Schuyler;Bruty;sbruty8@plala.or.jp;Female;1.77;94;24
Ilise;Hutchinson;ihutchinson9@friendfeed.com;Female;1.71;92;16
Letti;Forsdyke;lforsdykea@google.cn;Genderqueer;1.78;76;20
Violetta;Dyott;vdyottb@nps.gov;Male;1.56;78;19
Packston;Flegg;pfleggc@cam.ac.uk;Male;1.79;78;20
Lona;Bearn;lbearnd@clickbank.net;Male;1.78;72;26
Davide;Reichardt;dreichardte@discuz.net;Bigender;1.74;86;27
Etheline;Strang;estrangf@google.com.hk;Female;1.95;103;21
Yetta;Dryden;ydrydeng@rediff.com;Female;1.6;61;25
Kristen;Flegg;kfleggh@indiegogo.com;Male;1.86;86;30
Geoffrey;Andreichik;gandreichiki@unicef.org;Female;1.79;76;24
Bonnee;Sacco;bsaccoj@acquirethisname.com;Male;2.04;103;24
Gladi;Butson;gbutsonk@e-recht24.de;Non-binary;1.82;79;26
Vittoria;Ixor;vixorl@vimeo.com;Female;1.6;77;27
Claretta;Goodluck;cgoodluckm@1688.com;Female;1.61;66;28
Pieter;Denizet;pdenizetn@bbb.org;Male;1.86;99;18
Missie;Messam;mmessamo@washington.edu;Genderfluid;1.61;63;15
Quentin;Hatt;qhattp@jugem.jp;Non-binary;1.52;50;30
Marchall;Plaistowe;mplaistoweq@toplist.cz;Female;1.84;89;30
Rabbi;Nesfield;rnesfieldr@google.fr;Female;1.6;52;17
Tommi;Brisland;tbrislands@ihg.com;Male;1.77;90;16
Heda;McCaughan;hmccaughant@newsvine.com;Male;1.96;97;23
Annice;Compfort;acompfortu@comsenz.com;Male;1.81;84;17
Dre;Kemery;dkemeryv@newsvine.com;Female;1.58;66;24
Candie;Tate;ctatew@ox.ac.uk;Female;2.01;116;19
Caresa;Dobrovsky;cdobrovskyx@alibaba.com;Male;1.96;120;25
Roby;Simonite;rsimonitey@nytimes.com;Female;1.67;65;17
Arlee;Chmiel;achmielz@nydailynews.com;Male;1.5;61;29
Sherry;Sangar;ssangar10@hubpages.com;Male;1.96;117;26
Ailsun;Curm;acurm11@imgur.com;Male;2.05;110;21
Darcie;Paxeford;dpaxeford12@dailymail.co.uk;Male;1.57;52;18
Tasia;Quinion;tquinion13@facebook.com;Female;1.92;97;16
Fredia;Yon;fyon14@fema.gov;Non-binary;2.03;120;18
Doralyn;Bartolommeo;dbartolommeo15@yandex.ru;Female;1.97;95;26
Selinda;Tineman;stineman16@de.vu;Male;2.03;130;29
Meir;Uc;muc17@cnn.com;Female;1.66;72;16
Claretta;Noonan;cnoonan18@spotify.com;Female;1.76;73;22
Errol;Wadelin;ewadelin19@infoseek.co.jp;Female;1.98;102;19
Clemence;Gush;cgush1a@sogou.com;Female;1.87;72;18
Myriam;Weed;mweed1b@fastcompany.com;Female;1.86;96;27
Rianon;Speakman;rspeakman1c@wsj.com;Male;1.85;76;24
Emma;Ondrich;eondrich1d@sogou.com;Female;1.52;60;24
Consuela;Danielkiewicz;cdanielkiewicz1e@un.org;Male;1.58;77;29
Iain;Chisnall;ichisnall1f@qq.com;Male;1.83;94;17
Ham;Shegog;hshegog1g@umn.edu;Female;1.91;110;18
Dawn;Prettyjohn;dprettyjohn1h@cbsnews.com;Female;1.56;74;26
Alexandrina;Hegg;ahegg1i@mail.ru;Female;1.86;84;28
Willow;Wenderoth;wwenderoth1j@archive.org;Male;1.76;91;18
Candra;Dolman;cdolman1k@i2i.jp;Male;1.91;106;15
Neel;Hexter;nhexter1l@cmu.edu;Female;1.98;104;18
Allie;Hamlington;ahamlington1m@myspace.com;Male;1.57;64;27
Raphaela;Haycroft;rhaycroft1n@geocities.com;Female;2.03;94;19
Stillmann;Woosnam;swoosnam1o@narod.ru;Male;1.66;75;28
Maddy;O'Cahey;mocahey1p@odnoklassniki.ru;Female;2.05;105;18
Adelice;Coytes;acoytes1q@princeton.edu;Male;1.8;75;26
Genny;Orknay;gorknay1r@bandcamp.com;Male;1.94;115;18
Waly;Chatburn;wchatburn1s@cloudflare.com;Male;1.75;73;29
Corny;Lumsdale;clumsdale1t@dmoz.org;Female;2.04;92;19
Lindie;Spikins;lspikins1u@hibu.com;Female;1.65;78;29
Maddy;Brownsword;mbrownsword1v@goo.gl;Female;1.81;98;23
Britni;Sarll;bsarll1w@examiner.com;Female;1.6;71;30
Viv;Angless;vangless1x@amazon.de;Female;1.68;58;20
Tresa;Severwright;tseverwright1y@liveinternet.ru;Male;1.78;77;23
Sydney;Bortolomei;sbortolomei1z@va.gov;Male;1.61;79;20
Luise;Maccraw;lmaccraw20@chron.com;Female;1.68;66;30
Benjamen;Kingdom;bkingdom21@mit.edu;Female;1.54;54;24
Gabrielle;Plank;gplank22@sina.com.cn;Male;1.83;88;24
Lawry;Pietri;lpietri23@tuttocitta.it;Female;1.67;68;17
Moreen;Cordet;mcordet24@google.co.jp;Bigender;2.04;94;19
Brock;Mineghelli;bmineghelli25@constantcontact.com;Male;1.63;64;24
Gretchen;Branchflower;gbranchflower26@gravatar.com;Female;1.84;95;30
Adriaens;Ubee;aubee27@hubpages.com;Male;1.67;50;22
Benjamin;Wellstood;bwellstood28@disqus.com;Genderfluid;1.84;83;18
Orella;Northrop;onorthrop29@about.com;Male;1.93;124;15
Christophorus;Aldous;caldous2a@constantcontact.com;Female;1.87;74;21
Olenolin;Fabbri;ofabbri2b@deliciousdays.com;Female;1.96;117;23
Allianora;Wilkisson;awilkisson2c@fema.gov;Male;1.64;73;15
Carleton;Bayless;cbayless2d@whitehouse.gov;Female;1.84;96;28
Domini;Cassin;dcassin2e@drupal.org;Male;1.89;98;16
Vincent;Million;vmillion2f@delicious.com;Female;1.83;76;16
Christie;Yeats;cyeats2g@shinystat.com;Female;1.64;77;26
Siobhan;Sapauton;ssapauton2h@reuters.com;Male;1.78;87;24
Udall;Dillimore;udillimore2i@globo.com;Female;1.98;92;25
Pancho;Caroline;pcaroline2j@wired.com;Male;1.9;106;26
Philippe;Burrus;pburrus2k@comcast.net;Male;1.56;60;26
Betty;MacTimpany;bmactimpany2l@zdnet.com;Male;1.85;81;22
Elle;Toward;etoward2m@upenn.edu;Female;2;112;29
Corella;Coucher;ccoucher2n@123-reg.co.uk;Male;1.76;91;30
Binky;Lyon;blyon2o@bandcamp.com;Male;1.94;107;22
Dorelia;Calbert;dcalbert2p@odnoklassniki.ru;Female;1.9;107;26
Shanie;Lipmann;slipmann2q@friendfeed.com;Female;1.64;69;25
Virgie;Lochran;vlochran2r@weibo.com;Female;1.76;90;26
Krystyna;Larrie;klarrie2s@issuu.com;Genderfluid;1.92;130;17
Doralyn;Blind;dblind2t@vistaprint.com;Male;1.89;91;30
Lanny;Barrett;lbarrett2u@dagondesign.com;Female;1.88;80;30
Norean;Binestead;nbinestead2v@mit.edu;Male;1.89;98;20
Thor;Lebourn;tlebourn2w@rediff.com;Female;1.97;101;23
Virgilio;Wornum;vwornum2x@over-blog.com;Male;1.83;95;27
Melina;Molden;mmolden2y@hexun.com;Male;1.74;99;29
Tatiana;Dubble;tdubble2z@bizjournals.com;Male;1.91;109;29
Codie;Labin;clabin30@cnbc.com;Male;1.67;57;15
Ginnifer;Blaik;gblaik31@chron.com;Male;1.9;109;15
Chryste;Sedwick;csedwick32@diigo.com;Female;1.71;89;27
Marilyn;McKelvie;mmckelvie33@oakley.com;Male;1.66;56;18
Veronike;Scotcher;vscotcher34@fda.gov;Male;1.79;73;20
Lurlene;Dobrowlski;ldobrowlski35@fastcompany.com;Female;1.93;126;20
Licha;Alvaro;lalvaro36@statcounter.com;Female;1.75;79;27
Keane;Tarply;ktarply37@yahoo.co.jp;Female;1.7;75;26
Murray;McClenaghan;mmcclenaghan38@joomla.org;Male;1.75;81;17
Carmela;Grewes;cgrewes39@tuttocitta.it;Male;1.67;60;27
Nikos;Stronge;nstronge3a@google.ru;Polygender;1.54;68;24
Marcelia;Etock;metock3b@dropbox.com;Female;1.81;80;16
Leroi;Colliar;lcolliar3c@behance.net;Agender;1.82;98;15
Arlen;Eakly;aeakly3d@twitter.com;Male;1.81;82;28
Bobbie;Lowle;blowle3e@dyndns.org;Male;1.72;74;30
Leora;Burgwin;lburgwin3f@aol.com;Female;1.51;71;20
Casper;Rennison;crennison3g@jigsy.com;Male;1.51;63;18
Averill;Iacobini;aiacobini3h@facebook.com;Bigender;1.93;121;27
Clerc;Warbrick;cwarbrick3i@sogou.com;Male;2.05;98;20
Maighdiln;Vallentine;mvallentine3j@biglobe.ne.jp;Male;2.05;90;27
Martguerita;Banister;mbanister3k@photobucket.com;Male;1.89;100;23
Quill;Doman;qdoman3l@comsenz.com;Female;1.82;97;23
Jeffrey;Munt;jmunt3m@about.com;Genderfluid;1.86;95;24
Raeann;Hastelow;rhastelow3n@nationalgeographic.com;Male;1.95;127;27
Corrine;Wellan;cwellan3o@epa.gov;Male;1.88;98;28
Kathrine;Sedge;ksedge3p@acquirethisname.com;Male;1.72;95;25
Jayson;Hobbing;jhobbing3q@senate.gov;Female;1.69;68;22
Latia;Binion;lbinion3r@etsy.com;Male;1.93;103;24
Edouard;Kivlin;ekivlin3s@jigsy.com;Female;1.91;92;16
Tedda;Tillot;ttillot3t@theatlantic.com;Male;1.76;92;22
Ronnie;McGlaud;rmcglaud3u@google.de;Female;1.78;78;22
Suzann;Kliement;skliement3v@elegantthemes.com;Male;1.85;79;21
Cary;Gatecliff;cgatecliff3w@noaa.gov;Female;1.6;54;19
Dag;Frisdick;dfrisdick3x@usgs.gov;Female;1.95;119;27
Tyson;Trillo;ttrillo3y@joomla.org;Male;1.75;80;17
Garrek;Daniellot;gdaniellot3z@ca.gov;Male;1.67;60;28
Serena;Storie;sstorie40@twitpic.com;Male;1.91;108;18
Thor;Braganza;tbraganza41@tinypic.com;Male;1.71;77;21
Marj;Bischoff;mbischoff42@nps.gov;Male;1.84;82;27
Nappy;Cinavas;ncinavas43@acquirethisname.com;Female;1.96;105;30
Nicoli;Kensy;nkensy44@flavors.me;Male;1.95;94;23
Rudyard;Leads;rleads45@mozilla.org;Male;1.87;88;15
Xena;Bartol;xbartol46@dedecms.com;Female;1.51;59;15
Cordy;Muat;cmuat47@ca.gov;Male;1.99;109;17
Annabell;Shropshire;ashropshire48@slideshare.net;Male;1.83;97;22
Rourke;Renne;rrenne49@domainmarket.com;Male;1.85;95;18
Kriste;Featonby;kfeatonby4a@home.pl;Female;1.76;78;30
Maury;Cisco;mcisco4b@umn.edu;Male;1.87;87;30
Horst;Skeermor;hskeermor4c@intel.com;Male;1.96;116;21
Henrik;Ollerenshaw;hollerenshaw4d@google.com.hk;Male;1.79;93;20
Benn;Ledwitch;bledwitch4e@jigsy.com;Female;1.55;52;21
Timoteo;Daniau;tdaniau4f@vinaora.com;Female;1.5;75;30
Omar;Perell;operell4g@dropbox.com;Male;1.89;96;17
Derwin;Borlease;dborlease4h@indiegogo.com;Female;2;97;18
Sheeree;Borzoni;sborzoni4i@umich.edu;Female;1.54;68;26
Jeremias;Wilsee;jwilsee4j@xinhuanet.com;Female;1.54;61;21
Ronda;Churches;rchurches4k@buzzfeed.com;Male;1.81;88;24
Shalne;Tracey;stracey4l@furl.net;Female;1.89;88;19
Grier;Kingerby;gkingerby4m@studiopress.com;Male;1.96;109;23
Dotty;O'Crowley;docrowley4n@time.com;Male;1.91;118;19
Earvin;Warde;ewarde4o@gov.uk;Female;1.52;71;23
Joleen;Ralls;jralls4p@pagesperso-orange.fr;Male;1.56;75;27
Jerrome;Breckenridge;jbreckenridge4q@taobao.com;Male;1.73;90;26
Paxon;Desseine;pdesseine4r@jimdo.com;Male;1.76;95;16
Gifford;Dottridge;gdottridge4s@unblog.fr;Bigender;1.91;124;28
Georgine;Greeveson;ggreeveson4t@nba.com;Female;2.04;110;23
Ber;Jaffa;bjaffa4u@godaddy.com;Male;1.66;68;30
Caty;Sphinxe;csphinxe4v@ted.com;Male;1.76;97;24
Lorette;Lissaman;llissaman4w@myspace.com;Female;1.85;75;17
Dori;Greenin;dgreenin4x@dell.com;Male;1.85;79;22
Jessalin;O'Beirne;jobeirne4y@4shared.com;Male;1.64;77;19
Odo;Robyns;orobyns4z@cam.ac.uk;Male;1.79;93;17
Aubry;Ramsbottom;aramsbottom50@google.fr;Female;1.53;52;20
Dillie;Dearnaley;ddearnaley51@ning.com;Male;1.9;104;30
Isabeau;Sauniere;isauniere52@scientificamerican.com;Male;2;120;30
Hallsy;Breen;hbreen53@paginegialle.it;Male;1.64;68;25
Wallis;Nockles;wnockles54@google.it;Male;1.56;50;21
Lorine;Godsmark;lgodsmark55@dyndns.org;Male;1.65;70;25
Tiffany;Jobbing;tjobbing56@e-recht24.de;Male;1.89;92;23
Corrina;Calterone;ccalterone57@github.com;Female;1.63;66;20
Clea;Tidbald;ctidbald58@exblog.jp;Male;2.02;105;17
Myrilla;Isaac;misaac59@sbwire.com;Male;1.66;68;21
Clarence;Spencock;cspencock5a@wordpress.com;Male;1.69;74;19
Bengt;Gellett;bgellett5b@jiathis.com;Male;1.85;92;19
Amabel;Pepper;apepper5c@simplemachines.org;Male;1.92;100;20
Tilda;Brodeau;tbrodeau5d@howstuffworks.com;Male;1.69;71;15
Pepillo;Chessill;pchessill5e@youku.com;Female;1.86;100;17
Rafaela;Atthow;ratthow5f@sphinn.com;Female;1.8;93;21
D'arcy;Corthes;dcorthes5g@sitemeter.com;Male;1.67;63;18
Bella;Marrill;bmarrill5h@home.pl;Female;2.05;108;15
Barty;Vokins;bvokins5i@examiner.com;Male;1.8;97;23
Dillie;D'Oyly;ddoyly5j@is.gd;Male;1.99;118;30
